{
  "Scalar Function Echo BIGINT": {
    "name": "Scalar Function Echo BIGINT",
    "duration_sec": {
      "mean": 2.05935320854187,
      "min": 2.025038242340088,
      "max": 2.1479439735412598,
      "n": 5,
      "ci_low": 1.9967589106995063,
      "ci_high": 2.121947506384234
    },
    "cpu_sec": {
      "mean": 1.3571083584,
      "min": 1.3363809599999998,
      "max": 1.3967943680000001,
      "n": 5,
      "ci_low": 1.3279732670444886,
      "ci_high": 1.3862434497555116
    },
    "cpu_system": {
      "mean": 1.831019728,
      "min": 1.7957427199999998,
      "max": 1.85648936,
      "n": 5,
      "ci_low": 1.801966708844771,
      "ci_high": 1.860072747155229
    },
    "ops": 100000000,
    "ops_per_sec": 48558935.68194901
  },
  "Scalar Function Add BIGINT": {
    "name": "Scalar Function Add BIGINT",
    "duration_sec": {
      "mean": 3.4169365406036376,
      "min": 3.2748818397521973,
      "max": 3.6409759521484375,
      "n": 5,
      "ci_low": 3.205575436003277,
      "ci_high": 3.628297645203998
    },
    "cpu_sec": {
      "mean": 1.5138685952000002,
      "min": 1.4768209920000004,
      "max": 1.5756866559999994,
      "n": 5,
      "ci_low": 1.461845993627238,
      "ci_high": 1.5658911967727622
    },
    "cpu_system": {
      "mean": 2.080289382400001,
      "min": 2.0413388800000014,
      "max": 2.0985262080000027,
      "n": 5,
      "ci_low": 2.0511857175549206,
      "ci_high": 2.1093930472450815
    },
    "ops": 100000000,
    "ops_per_sec": 29265981.0364327
  },
  "Scalar Function Echo 32 byte string": {
    "name": "Scalar Function Echo 32 byte string",
    "duration_sec": {
      "mean": 1.0705458641052246,
      "min": 0.9098687171936035,
      "max": 1.3839499950408936,
      "n": 5,
      "ci_low": 0.8275901301944316,
      "ci_high": 1.3135015980160176
    },
    "cpu_sec": {
      "mean": 1.7429796864,
      "min": 1.5999293440000013,
      "max": 1.8511728639999987,
      "n": 5,
      "ci_low": 1.6306308397468203,
      "ci_high": 1.8553285330531797
    },
    "cpu_system": {
      "mean": 1.1262783487999997,
      "min": 1.0919239679999997,
      "max": 1.1896401920000024,
      "n": 5,
      "ci_low": 1.072348112188991,
      "ci_high": 1.1802085854110083
    },
    "ops": 40000000,
    "ops_per_sec": 37364116.140350975
  },
  "Create remote table from 32 byte string": {
    "name": "Create remote table from 32 byte string",
    "duration_sec": {
      "mean": 3.5310940742492676,
      "min": 3.5310940742492676,
      "max": 3.5310940742492676,
      "n": 1,
      "ci_low": NaN,
      "ci_high": NaN
    },
    "cpu_sec": {
      "mean": 4.406110207999998,
      "min": 4.406110207999998,
      "max": 4.406110207999998,
      "n": 1,
      "ci_low": NaN,
      "ci_high": NaN
    },
    "cpu_system": {
      "mean": 0.227477504000003,
      "min": 0.227477504000003,
      "max": 0.227477504000003,
      "n": 1,
      "ci_low": NaN,
      "ci_high": NaN
    },
    "ops": 40000000,
    "ops_per_sec": 11327933.824165884
  },
  "Select from 32 byte string table": {
    "name": "Select from 32 byte string table",
    "duration_sec": {
      "mean": 1.1046568870544433,
      "min": 1.0907371044158936,
      "max": 1.124845027923584,
      "n": 5,
      "ci_low": 1.087996672168274,
      "ci_high": 1.1213171019406127
    },
    "cpu_sec": {
      "mean": 0.8765108224000002,
      "min": 0.1948119040000016,
      "max": 1.0536919040000008,
      "n": 5,
      "ci_low": 0.40326478694855716,
      "ci_high": 1.3497568578514434
    },
    "cpu_system": {
      "mean": 0.3215122431999994,
      "min": 0.3133931520000033,
      "max": 0.32973209600000075,
      "n": 5,
      "ci_low": 0.31300879495495176,
      "ci_high": 0.330015691445047
    },
    "ops": 40000000,
    "ops_per_sec": 36210338.67507911
  },
  "Create remote table from BIGINT": {
    "name": "Create remote table from BIGINT",
    "duration_sec": {
      "mean": 12.22167706489563,
      "min": 12.22167706489563,
      "max": 12.22167706489563,
      "n": 1,
      "ci_low": NaN,
      "ci_high": NaN
    },
    "cpu_sec": {
      "mean": 7.735939072000001,
      "min": 7.735939072000001,
      "max": 7.735939072000001,
      "n": 1,
      "ci_low": NaN,
      "ci_high": NaN
    },
    "cpu_system": {
      "mean": 0.35388620800000226,
      "min": 0.35388620800000226,
      "max": 0.35388620800000226,
      "n": 1,
      "ci_low": NaN,
      "ci_high": NaN
    },
    "ops": 100000000,
    "ops_per_sec": 8182183.138125159
  },
  "Select from remote BIGINT table": {
    "name": "Select from remote BIGINT table",
    "duration_sec": {
      "mean": 2.393305778503418,
      "min": 2.0835678577423096,
      "max": 2.9876902103424072,
      "n": 5,
      "ci_low": 1.906245199962374,
      "ci_high": 2.880366357044462
    },
    "cpu_sec": {
      "mean": 1.8685034495999986,
      "min": 0.8863293440000035,
      "max": 2.7896340479999964,
      "n": 5,
      "ci_low": 1.031865474406183,
      "ci_high": 2.705141424793814
    },
    "cpu_system": {
      "mean": 0.4708155392000002,
      "min": 0.413204480000001,
      "max": 0.5695979520000023,
      "n": 5,
      "ci_low": 0.390165776273652,
      "ci_high": 0.5514653021263484
    },
    "ops": 100000000,
    "ops_per_sec": 41783210.8618114
  }
}